{
    "accuracy": 100.0,
    "processed_count": 4,
    "batch_num": 78,
    "results": [
        {
            "image": "train2014/COCO_train2014_000000140850.jpg",
            "question": "Please provide the bounding box coordinate of the region this sentence describes: <ref>far left case</ref>",
            "ground_truth": [
                0,
                614,
                312,
                876
            ],
            "model_output": [
                "far left case[[0, 612, 314, 872]]\n[[279, 512, 630, 908]]\n[[509, 430, 984, 934]]\n[[2, 604, 285, 867]]\n[[556, 226, 998, 456]]\n[[524, 238, 995, 454]]\n[[519, 492, 992, 933]]\n[[525, 519, 996, 930]]\n[[281, 513, 631, 903]]",
                "far left case[[10, 615, 315, 870]]\n[[282, 512, 629, 909]]\n[[515, 427, 992, 941]]\n[[3, 611, 293, 869]]\n[[499, 52, 998, 323]]\n[[550, 432, 993, 932]]\n[[3, 512, 310, 634]]\n[[282, 512, 628, 898]][[10, 614, 318, 865]]\n",
                "far left case[[12, 610, 309, 872]]\n[[275, 513, 640, 906]]\n[[522, 429, 992, 941]]\n[[321, 431, 648, 908]]\n[[1, 613, 278, 869]][[582, 232, 1000, 456]]\n[[457, 25, 998, 292]][[2, 256, 1000, 967]]\n[[279, 507, 647, 903]]",
                "far left case[[10, 611, 314, 873]]\n[[272, 512, 638, 906]]\n[[508, 423, 991, 926]]\n[[3, 614, 305, 867]]\n[[503, 441, 998, 928]]\n[[289, 514, 619, 908]]",
                "far left case[[7, 615, 302, 869]]\n[[276, 514, 636, 907]]\n[[522, 430, 988, 935]]\n[[575, 225, 1000, 457]]\n[[370, 436, 640, 614]]\n[[276, 514, 636, 907]]\n[[274, 513, 645, 899]]\n[[522, 430, 988, 934]]\n[[370, 436, 640, 614]]",
                "far left case[[10, 611, 307, 870]]\n[[278, 512, 634, 909]]\n[[534, 424, 992, 930]]\n[[502, 422, 992, 926]]\n[[4, 615, 293, 875]]\n[[306, 505, 618, 903]]\n[[479, 523, 721, 905]]\n[[527, 506, 990, 929]]\n[[186, 261, 524, 327]]\n[[151, 264",
                "far left case[[0, 614, 310, 872]]\n[[269, 514, 635, 907]]\n[[513, 431, 991, 927]]\n[[4, 613, 277, 867]]\n[[283, 517, 622, 897]]\n[[555, 518, 992, 919]]\n[[558, 517, 992, 919]][[3, 2, 999, 289]]\n[[558, 517, 992, 919]][[3, 2, 9",
                "far left case[[10, 610, 314, 869]]\n[[278, 508, 640, 911]]\n[[519, 427, 989, 930]]\n[[295, 510, 641, 907]]\n[[533, 55, 998, 283]]\n[[3, 611, 310, 865]]\n[[518, 233, 983, 519]]\n[[627, 261, 1000, 453]]\n[[0, 265, 1000, 986]]"
            ],
            "iou_scores": [
                0.9711417816813049,
                0.9333527251572555,
                0.9239618000289394,
                0.9404140717051002,
                0.9166422000391466,
                0.9200943909965511,
                0.9784204345273048,
                0.9226069246435845
            ],
            "iou_var": 0.0004961913681677706,
            "mean_iou": 0.9383292910973984,
            "correct_count": 8
        },
        {
            "image": "train2014/COCO_train2014_000000376806.jpg",
            "question": "Please provide the bounding box coordinate of the region this sentence describes: <ref>middle bowl on right</ref>",
            "ground_truth": [
                573,
                286,
                785,
                560
            ],
            "model_output": [
                "middle bowl on right[[584, 287, 784, 567]]\nWould you order this meal?\n\u5982\u4f55\u770b\u5f85\u8fd9\u9053\u83dc\u7684\u70f9\u996a\u65b9\u6cd5\uff1f\n\n\n\u8fd9\u9053\u83dc[[65, 2, 997, 976]]\n;\n[[10, 6, 580, 623]]\n[[584, 287, 784, 567]]\n\n[[10, 6, 580, 623]]\n[[584, 287, 784, 567]]\n\n[[326, 320, 538, 607]]\n\n[[326, 320",
                "middle bowl on right[[572, 288, 786, 564]]\nane;\nane;\nane;\nane;\naneith;\nane;\naneith;\nane;\n[[3, 601, 258, 973]]\n[[2, 3, 584, 631]]\n[[583, 582, 750, 820]]\n[[251, 320, 533, 6",
                "middle bowl on right[[577, 287, 785, 564]]\nA:\nI'm sorry, but I can't provide the coordinates for the region where the dish is described as \"middle bowl on right\".\n; I'm sorry, but I can't provide the coordinates for the region where the dish is described as \"middle bowl on right\".\n; what about this one?\n[[328, 320, 531, 609]]\n[[10, 0, 544, 626]]\n[[575, 582, 751, 824]]\n\n[[1, 605, 263, 977]]\n\n[[553, 0, 998, 3",
                "middle bowl on right[[578, 288, 787, 565]]\nAI\n",
                "middle bowl on right[[577, 287, 777, 565]]\n[[334, 319, 536, 609]]\nWould you suggest using the term \"cherry\" to describe the object in the middle of the tray?\ncherry[[334, 319, 536, 609]]\n[[0, 597, 257, 974]]\n[[613, 584, 748, 825]]\ncherry[[336, 630, 487, 814]]\ncherry[[160, 10, 319, 294]]\ncherry[[708, 0, 852, 256]]\ncherry[[319",
                "middle bowl on right[[579, 288, 783, 563]]\nrice[[5, 601, 276, 974]]\n[[0, 312, 320, 608]]\n{{432, 627, 514, 807}}\n[[112, 39, 317, 297]]\n[[307, 322, 531, 608]]\n[[438, 67, 541, 293]]\n[[623, 583, 748, 822]]\n[[544, 589, 698, 817]]\n[[673, 0, 888, 263]]\n[[543",
                "middle bowl on right[[576, 289, 781, 568]]\n<answer><sep>middle bowl on right[[335, 319, 543, 608]]\n</answer>\n</div></div>\n</div></div>\n</div></div>\n</div></div>\n</div></div>\n</div></div>\n</div></div>\n</div></div>\n</div></div>\n</div></div>\n</div></div>\n</div></div>\n</div></div>\n</div></div>\n</div></div>\n</div></div>\n</div></div>\n</div></div>\n</div></div>\n</div></div>\n</div></div>\n</div></div>\n</div></div>\n</div></div>\n</div></div>\n</div></div>\n</",
                "middle bowl on right[[576, 288, 787, 564]]\nImages: \nbowl[[312, 322, 534, 607]]\nImages: \nbowl[[0, 600, 263, 974]]\nImages: \nbowl[[101, 317, 324, 597]]\nImages: \nbowl[[4, 600, 263, 973]]\nImages: \nbowl[[499, 584, 738, 827]]\nImages: \nbowl[[312, 322, 534, 607]]\nImages: \nbowl[[101, 317, 324, 597]]\nImages: \nbowl[[4, 6"
            ],
            "iou_scores": [
                0.9178321678321678,
                0.9693383539537386,
                0.9637474541751527,
                0.9434790622853025,
                0.9240454914703493,
                0.9452810902896082,
                0.0,
                0.9558141098930661
            ],
            "iou_var": 0.09808833526179471,
            "mean_iou": 0.8274422162374232,
            "correct_count": 7
        },
        {
            "image": "train2014/COCO_train2014_000000011292.jpg",
            "question": "Please provide the bounding box coordinate of the region this sentence describes: <ref>woman white scarf</ref>",
            "ground_truth": [
                59,
                306,
                296,
                981
            ],