{
    "accuracy": 75.0,
    "processed_count": 4,
    "batch_num": 42,
    "results": [
        {
            "image": "train2014/COCO_train2014_000000447424.jpg",
            "question": "Please provide the bounding box coordinate of the region this sentence describes: <ref>red car</ref>",
            "ground_truth": [
                363,
                0,
                1000,
                389
            ],
            "model_output": [
                "red car[[383, 2, 999, 388]]\n[[582, 190, 975, 990]]\ndog[[581, 196, 968, 989]]\nroll-up window[[3, 0, 1000, 984]]\ndice[[27, 181, 186, 414]]\nroll-up window[[3, 0, 1000, 984]]\ndog[[581, 196, 975, 990]]\nroll-up window[[3, 0, 1000, 984]]\n",
                "red car[[374, 0, 1000, 383]]\n[[621, 192, 976, 989]]\nred car[[374, 0, 1000, 383]]\ndog[[621, 192, 976, 989]]\n[[680, 80, 983, 386]]\n[[2, 2, 1000, 990]]\n[[3, 2, 1000, 990]]",
                "red car[[359, 0, 999, 393]]\n[[554, 195, 972, 984]]\ndog[[554, 195, 972, 984]]\ndog[[560, 199, 981, 984]]\ndice[[21, 179, 187, 414]]\ndice[[21, 179, 187, 414]]\ncar[[359, 0, 999, 393]]\ncar[[554, 195, 999, 984]]\n",
                "red car[[375, 0, 1000, 398]]\n[[571, 196, 973, 1000]]\ndog[[571, 196, 973, 1000]]\ndog[[571, 196, 973, 1000]]\ndice[[19, 0, 224, 416]]\n[[348, 166, 425, 285]]\n[[30, 186, 174, 416]]\n[[19, 0, 224, 416]]\n[[348, 166, 425, 285",
                "red car[[369, 0, 1000, 393]]\n[[567, 190, 977, 1000]]\n[[5, 2, 999, 984]];[[12, 182, 179, 415]]\n[[178, 0, 290, 212]]\n[[483, 179, 967, 717]]\n[[17, 190, 179, 414]]\n[[12, 182, 179, 415]]\n[[178, 0, 290, 212]]\n[[",
                "red car[[373, 3, 998, 398]]\n[[0, 0, 999, 1000]]\n[[0, 188, 999, 1000]]\ndog[[580, 192, 971, 1000]]\n[[18, 184, 193, 414]]\n[[2, 2, 999, 989]][[582, 195, 969, 649]]\n[[0, 0, 581, 1000]]",
                "red car[[375, 0, 999, 393]]\n[[571, 197, 977, 989]]\n[[0, 0, 1000, 1000]]\n[[571, 197, 977, 989]]\n[[11, 184, 177, 417]]\n[[10, 186, 175, 413]]\n[[573, 185, 976, 678]]",
                "red car[[374, 2, 1000, 393]]\n[[579, 189, 976, 984]]\ndog[[579, 189, 976, 984]]\ndog[[579, 189, 976, 984]]\nroll cage[[0, 0, 1000, 1000]]\ndice[[20, 187, 186, 419]]\nroll cage[[20, 187, 186, 419]]\ndinner table[[0, 0, 409, 1000]]\n"
            ],
            "iou_scores": [
                0.959575129240939,
                0.9675737409854193,
                0.9821165579633916,
                0.9593833113669905,
                0.9805926085723303,
                0.9519844683487361,
                0.9698228847452345,
                0.9678981370132282
            ],
            "iou_var": 9.49871499876456e-05,
            "mean_iou": 0.9673683547795338,
            "correct_count": 8
        },
        {
            "image": "train2014/COCO_train2014_000000445392.jpg",
            "question": "Please provide the bounding box coordinate of the region this sentence describes: <ref>second sink from the left</ref>",
            "ground_truth": [
                577,
                582,
                929,
                925
            ],
            "model_output": [
                "second sink from the left[[584, 591, 904, 923]]\n[[720, 404, 831, 703]]\n[[828, 408, 999, 851]]\nsecond sink[[384, 540, 681, 932]]\npaper towel dispenser[[216, 165, 424, 620]]\nsink[[634, 634, 893, 882]]\nartifact[[894, 413, 999, 678]]\npaper[[323, 556, 705, 635]]\nwall socket[[586, 348, 821, 451]]\n",
                "second sink from the left[[598, 594, 908, 881]]\n[[658, 598, 886, 882]]\nStock image\n\nsecond sink from the left[[414, 535, 665, 928]]\nStock image\n\nsecond sink from the left[[598, 594, 908, 881]]\nStock image\n\nsecond sink from the left[[658, 598, 886, 882]]\nStock image\n\nsecond sink from the left[[414, 535, 665, 928]]\nStock image\n[[598, 594, 908, 882]]\nStock image\n\nsecond sink from the left[[658, 598, 8",
                "second sink from the left[[588, 591, 913, 929]]\n[[591, 643, 921, 874]]\n[[672, 407, 803, 719]]\n[[404, 539, 673, 927]]\n[[675, 396, 821, 661]]\n[[819, 382, 999, 663]]\n[[429, 409, 678, 650]]\n[[230, 162, 384, 614]]\n[[385, 415, 682, 928]]\n[[681, 407, 999, 935]]\n",
                "second sink from the left[[597, 595, 915, 879]]\n[[614, 599, 906, 875]]\nTHE END\n[[368, 533, 625, 929]]\n[[715, 400, 817, 706]]\n[[824, 415, 997, 933]]\n[[847, 646, 998, 924]]\n[[571, 545, 827, 926]]\n[[338, 548, 627, 933]]\n[[52, 548, 338, 928]]\n",
                "second sink from the left[[587, 593, 908, 894]]\n identify the object tags: second sink from the left[[667, 406, 842, 708]]\n identify the object tags: second sink from the left[[375, 543, 664, 927]]\n identify the object tags: second sink from the left[[375, 543, 664, 927]]\n identify the object tags: second sink from the left[[667, 406, 842, 708]]\n identify the object tags: second sink from the left[[667, 406, 842, 708]]\n identify the object tags: second sink from the left[[375, 543, 664, 927]]\n identify the object",
                "second sink from the left[[591, 588, 897, 893]]\n[[712, 546, 901, 728]]\nif any, what do you mean by 'second sink from the right'?\nsecond sink from the right[[395, 540, 662, 926]]\npaper[[225, 161, 409, 929]]\npaper[[225, 161, 409, 929]]\nsink[[591, 588, 897, 893]]\nsink[[712, 546, 901, 728]]\npaper[[225, 161, 409, 929]]\nmirror[[607, 0",
                "second sink from the left[[577, 593, 906, 916]]\n[[624, 591, 907, 883]]\n\u88fd\u9020\u50cf\uff1a<answer><p>OCR</p></answer>\n[[743, 411, 880, 611]]\n<img src=\"https://i.imgur.com/9L5F0Z3.jpg\" alt=\"public restroom\">\n[[341, 346, 997, 923]]\n[[199, 163, 416, 616]]\n[[601, 382, 879, 613]]\n[[585, 376, 752, 616]]",
                "second sink from the left[[572, 593, 898, 886]]\n[[643, 599, 887, 882]]\nStock image\nsecond sink from the left[[391, 539, 645, 929]]\nStock image\nsecond sink from the left[[572, 593, 898, 886]]\nStock image\nsecond sink from the left[[643, 599, 887, 882]]\nStock image\nsecond sink from the left[[391, 539, 645, 929]]\nStock image\nsecond sink from the left[[572, 593, 898, 886]]\nStock image\nsecond sink from the left[[643, 599, 88"
            ],
            "iou_scores": [
                0.8799363901404718,
                0.7368970315398887,
                0.8894916254220067,
                0.7480121918897429,
                0.8002666975881262,
                0.7730088788762258,
                0.0,
                0.7696581861032233
            ],
            "iou_var": 0.07277322263881172,
            "mean_iou": 0.6996588751949606,
            "correct_count": 7
        },
        {
            "image": "train2014/COCO_train2014_000000140733.jpg",
            "question": "Please provide the bounding box coordinate of the region this sentence describes: <ref>furthest left plane</ref>",
            "ground_truth": [
                64,
                208,
                377,
                597
            ],