{
    "accuracy": 75.0,
    "processed_count": 4,
    "batch_num": 105,
    "results": [
        {
            "image": "train2014/COCO_train2014_000000075590.jpg",
            "question": "Please provide the bounding box coordinate of the region this sentence describes: <ref>the woman</ref>",
            "ground_truth": [
                0,
                246,
                380,
                987
            ],
            "model_output": [
                "the woman[[0, 234, 462, 1000]]\n><answer>[[0, 234, 462, 1000]]]</answer>\nthe man[[280, 125, 1000, 1000]]\n><answer>[[[280, 125, 1000, 1000]]]</answer>[[278, 533, 586, 781]]\n><answer>[[[278, 533, 586, 781]][[278, 533, 586, 781]]\n><answer>[[[278, 533, 586, 781]]",
                "the woman[[2, 225, 478, 987]]\n<answer><boxed><z31>\n</z31></z31></z31></z31></z31></z31></z31></z31></z31></z31></z31></z31></z31></z31></z31></z31></z31></z31></z31></z31></z31></z31></z31></z31></z31></z31></z31></z31></z31></z31></z31></z31></z31></z31></z31></z31></z31></z31></z31></z31></z31></z31></z31></z31></z31></z31></z31></z31></z31></z31></z31></z31></z31></z31",
                "the woman[[0, 235, 481, 1000]]\n[[237, 120, 1000, 989]]\n[[237, 120, 1000, 989]]\n[[2, 235, 482, 1000]]\n[[237, 120, 1000, 989]]\n[[0, 235, 481, 1000]]\n[[237, 120, 1000, 989]]\n[[237, 120, 1000, 989]]\n[[2, 235, 481, 1000]]\n",
                "the woman[[0, 236, 460, 987]]\n<answer><boxed><zrE</zr></zr></box></logo>",
                "the woman[[2, 225, 464, 988]]\n><answer>[[[2, 225, 464, 988]]]</answer>\nMore tag:the man[[299, 121, 1000, 1000]]\nMore tag:the man[[299, 121, 1000, 1000]]\nMore tag:woman[[2, 225, 464, 988]]\nMore tag:woman[[2, 225, 464, 988]]\nMore tag:the man[[299, 121, 1000, 1000]]\nMore tag:the man[[299, 121, 1000, 1000]]",
                "the woman[[0, 231, 462, 989]]\n<answer><boxed> </box>\n</answer>",
                "the woman[[2, 230, 488, 1000]]\n<answer><boxed>\n</box>",
                "the woman[[0, 230, 491, 989]]\n<answer><boxed>\n</box>"
            ],
            "iou_scores": [
                0.7956664745176495,
                0.7690901003311422,
                0.7652358240593534,
                0.8150871302032073,
                0.7912641106478185,
                0.0,
                0.7455323634156859,
                0.755576664546823
            ],
            "iou_var": 0.0664518339797965,
            "mean_iou": 0.6796815834652099,
            "correct_count": 7
        },
        {
            "image": "train2014/COCO_train2014_000000557628.jpg",
            "question": "Please provide the bounding box coordinate of the region this sentence describes: <ref>guy on left</ref>",
            "ground_truth": [
                123,
                258,
                310,
                907
            ],
            "model_output": [
                "guy on left[[121, 268, 306, 989]]\nMore tags:\n[[677, 261, 931, 989]]\nMore tags:\n[[381, 243, 576, 987]]\nMore tags:\n[[2, 302, 268, 989]]\nMore tags:\n[[531, 456, 600, 600]]\nMore tags:\n[[602, 469, 623, 589]]\nMore tags:\n[[626, 467, 650, 576]]\nMore tags:\n[[623, 475, 649, 580]]\nMore tags:",
                "guy on left[[122, 271, 308, 985]]\n[[675, 265, 930, 989]]\nendif\nendif\n[[399, 243, 573, 987]]\n[[41, 299, 270, 984]]\n[[504, 468, 549, 586]]\n[[721, 406, 818, 575]]\n[[898, 571, 1000, 999]]\n[[541, 468, 570, 588]]\n[[147, 269, 295, 6",
                "guy on left[[121, 271, 315, 990]]\n<answer>\nHere is the relevant tag from the image:guy on left[[121, 271, 315, 990]]\n<answer>\nThe location of the region with the text \"guy on left\" is: guy on left[[121, 271, 315, 990]]\n\n</solution>\n<answer>\nguy on left[[121, 271, 315, 990]]\n</solution>\n</body>\n\n</html>\n",
                "guy on left[[120, 270, 312, 984]]\n<answer>\n}</citeoframe>\nguy on left[[120, 270, 312, 984]]\n</cite oframe>\nguy on left[[101, 268, 293, 721]]\n</cite oframe>\nguy on left[[101, 268, 293, 721]]\n</cite oframe>\nguy on right[[696, 265, 931, 989]]\n</cite oframe>\nguy on right[[375, 246, 583, 989]]\n</cite oframe>\n</cite oframe>\n</cite oframe>\n</cite oframe>\n</cite oframe>\n</cite oframe>\n</",
                "guy on left[[120, 271, 312, 989]]\n<answer>\nHere is the requested bounding box coordinates for the region described:\n\n```xml\n<coordinates>\n  <start x1=\"80\" y1=\"140\" x2=\"133\" y2=\"167\"/>\n  <start x1=\"142\" y1=\"140\" x2=\"215\" y2=\"167\"/>\n  <start x1=\"216\" y1=\"140\" x2=\"289\" y2=\"167\"/>\n  <start x1=\"289\" y1=\"140\" x2=\"362\" y2=\"167\"/>\n  <start x1=\"362\" y1=\"140\" x2=\"435\" y2=\"167\"/>\n  <start x1=\"435\" y1=\"140\" x2=\"508\" y2=\"167\"/>\n  <start x1=\"509\" y1=\"140\"",
                "guy on left[[122, 267, 316, 989]]\n><answer>[x1,y1,x2,y2]</solution> <answer>[260, 503, 302, 582]</answer>\n><answer></solution> <answer>[534, 468, 585, 587]</answer>\n</div></div>\n</div></div>\n</div></div>\n</div></div>\n</div></div>\n</div></div>\n</div></div>\n</div></div>\n</div></div>\n</div></div>\n</div></div>\n</div></div>\n</div></div>\n</div></div>\n</div></div>\n</div></div>\n</div></div>\n</div></div>\n</div></div>\n</div></div>\n</div></div>\n</div",
                "guy on left[[122, 270, 316, 989]]\n><answer>[x1,y1,x2,y2]</answer>\nThanks for the information. Can you describe the setting and activities in the image?\nsetting[[8, 9, 1000, 989]]\n<answer>setting[[8, 9, 1000, 989]]\n<answer>\n<answer>[[716, 260, 930, 1000]]\n[[394, 234, 574, 989]]\n[[120, 267, 307, 1000]]\n[[591, 467, 626, 5",
                "guy on left[[122, 269, 306, 988]]\nPROS\nguy on left[[122, 269, 306, 988]]\nPROS\nguy on left[[381, 240, 579, 989]]\nPROS\nguy on right[[705, 265, 930, 984]]\nPROS\nguy[[381, 240, 579, 989]]\nPROS\nguy[[705, 265, 930, 984]]\nPROS\nPROS[[14, 298, 274, 984]]\nPROS\n\n[[7"
            ],
            "iou_scores": [
                0.848531684698609,
                0.8619338202436505,
                0.8380391355510616,
                0.854929233772572,
                0.847776344208658,
                0.02733946919571863,
                0.0,
                0.852810342938534
            ],
            "iou_var": 0.13144377560298046,
            "mean_iou": 0.6414200038261004,
            "correct_count": 6
        },
        {
            "image": "train2014/COCO_train2014_000000126381.jpg",
            "question": "Please provide the bounding box coordinate of the region this sentence describes: <ref>right elephant</ref>",
            "ground_truth": [
                625,
                408,
                930,
                871
            ],